{
  "results": [
    {
      "command": "rustc -O \"/Users/suso/Downloads/koi/benchmarks/rust/fib.rs\" -o \"/Users/suso/Downloads/koi/benchmarks/results/bin/fib_rust\"",
      "mean": 0.19665344678666669,
      "stddev": 0.01821835471356524,
      "median": 0.18822892232000002,
      "user": 0.14872197999999998,
      "system": 0.06211864666666666,
      "min": 0.18571063032000001,
      "max": 0.25483575532,
      "times": [
        0.19711588032000002,
        0.21665463032,
        0.18639829632000002,
        0.19617729632000003,
        0.25483575532,
        0.20201212932,
        0.19322633832000002,
        0.19729842232000003,
        0.18655492232,
        0.18822892232000002,
        0.18583396332000002,
        0.18653121332000003,
        0.18735679632000002,
        0.18586650532000001,
        0.18571063032000001
      ],
      "memory_usage_byte": [
        94732288,
        94732288,
        94732288,
        94732288,
        94732288,
        94732288,
        94830592,
        94879744,
        94879744,
        94879744,
        94879744,
        94879744,
        94879744,
        94879744,
        94879744
      ],
      "exit_codes": [
        0,
        0,
        0,
        0,
        0,
        0,
        0,
        0,
        0,
        0,
        0,
        0,
        0,
        0,
        0
      ]
    }
  ]
}
