{
  "results": [
    {
      "command": "\"/home/yiyi/Escritorio/Yeimi/UTEC/Ciclo5/Compiladores/proyecto2/Koi/benchmarks/koi_build.sh\" \"/home/yiyi/Escritorio/Yeimi/UTEC/Ciclo5/Compiladores/proyecto2/Koi/benchmarks/koi/fib.koi\" \"/home/yiyi/Escritorio/Yeimi/UTEC/Ciclo5/Compiladores/proyecto2/Koi/benchmarks/results/bin/fib_koi\"",
      "mean": 0.03159112848,
      "stddev": 0.0013521549748045706,
      "median": 0.031469503680000004,
      "user": 0.017216766666666664,
      "system": 0.014361306666666667,
      "min": 0.02898901168,
      "max": 0.033922917680000005,
      "times": [
        0.03269694368000001,
        0.033159102680000004,
        0.032748228680000005,
        0.03038973268,
        0.03282811268000001,
        0.031777020680000004,
        0.03161110668000001,
        0.031469503680000004,
        0.031307839680000005,
        0.03134404568,
        0.02898901168,
        0.03083199268,
        0.031336169680000005,
        0.02945519868,
        0.033922917680000005
      ],
      "memory_usage_byte": [
        9994240,
        9994240,
        9994240,
        9994240,
        9994240,
        9994240,
        9994240,
        9994240,
        9994240,
        9994240,
        9994240,
        9994240,
        9994240,
        9994240,
        9994240
      ],
      "exit_codes": [
        0,
        0,
        0,
        0,
        0,
        0,
        0,
        0,
        0,
        0,
        0,
        0,
        0,
        0,
        0
      ]
    }
  ]
}
