{
  "results": [
    {
      "command": "/home/yiyi/Escritorio/Yeimi/UTEC/Ciclo5/Compiladores/proyecto2/Koi/benchmarks/results/bin/fib_go",
      "mean": 0.014422360220000001,
      "stddev": 0.0018847543264996025,
      "median": 0.013489306820000001,
      "user": 0.013817553333333333,
      "system": 0.0010394266666666667,
      "min": 0.013226828820000001,
      "max": 0.01842832082,
      "times": [
        0.01842832082,
        0.01841408682,
        0.01697851182,
        0.013524384820000002,
        0.01329488182,
        0.013244802820000002,
        0.013317017820000002,
        0.013413344820000003,
        0.01325394082,
        0.01361866682,
        0.013489306820000001,
        0.013327202820000002,
        0.014375942820000001,
        0.013226828820000001,
        0.01442816282
      ],
      "memory_usage_byte": [
        3444736,
        3444736,
        3444736,
        3444736,
        3444736,
        3444736,
        3444736,
        3444736,
        3444736,
        3444736,
        3444736,
        3444736,
        3444736,
        3444736,
        3444736
      ],
      "exit_codes": [
        0,
        0,
        0,
        0,
        0,
        0,
        0,
        0,
        0,
        0,
        0,
        0,
        0,
        0,
        0
      ]
    }
  ]
}
