{
  "results": [
    {
      "command": "go build -o \"/home/yiyi/Escritorio/Yeimi/UTEC/Ciclo5/Compiladores/proyecto2/Koi/benchmarks/results/bin/fib_go\" \"/home/yiyi/Escritorio/Yeimi/UTEC/Ciclo5/Compiladores/proyecto2/Koi/benchmarks/go/fib.go\"",
      "mean": 0.07610958095333334,
      "stddev": 0.007555486357435559,
      "median": 0.07397868082,
      "user": 0.10100628666666668,
      "system": 0.06693707333333333,
      "min": 0.06489356682000001,
      "max": 0.09518503982000001,
      "times": [
        0.08354657882000001,
        0.07200687182000001,
        0.07397868082,
        0.07615767782,
        0.07126074082,
        0.07046083382000001,
        0.07834951282000001,
        0.06719370382,
        0.08320238882000001,
        0.08155736482,
        0.07360474782000001,
        0.07358969982,
        0.09518503982000001,
        0.07665630582,
        0.06489356682000001
      ],
      "memory_usage_byte": [
        53358592,
        53358592,
        53358592,
        53358592,
        53358592,
        53358592,
        53358592,
        53358592,
        53358592,
        53358592,
        53358592,
        53358592,
        53358592,
        53358592,
        53358592
      ],
      "exit_codes": [
        0,
        0,
        0,
        0,
        0,
        0,
        0,
        0,
        0,
        0,
        0,
        0,
        0,
        0,
        0
      ]
    }
  ]
}
