{
  "results": [
    {
      "command": "/Users/suso/Downloads/koi/benchmarks/results/bin/fib_koi",
      "mean": 0.05326140024666668,
      "stddev": 0.0011002080507955022,
      "median": 0.05295059758000001,
      "user": 0.05107535333333333,
      "system": 0.0014945000000000002,
      "min": 0.051963180580000004,
      "max": 0.05592601458,
      "times": [
        0.05382463858000001,
        0.05261272258000001,
        0.053081222580000004,
        0.05249280558,
        0.052653013580000005,
        0.05256163858000001,
        0.054776722580000006,
        0.05426551358000001,
        0.05266943158,
        0.05297888958000001,
        0.051963180580000004,
        0.054093347580000006,
        0.05295059758000001,
        0.052071264580000005,
        0.05592601458
      ],
      "memory_usage_byte": [
        7159808,
        7159808,
        7159808,
        7159808,
        7159808,
        7159808,
        7159808,
        7159808,
        7159808,
        7159808,
        7159808,
        7159808,
        7159808,
        7159808,
        7159808
      ],
      "exit_codes": [
        8,
        8,
        8,
        8,
        8,
        8,
        8,
        8,
        8,
        8,
        8,
        8,
        8,
        8,
        8
      ]
    }
  ]
}
