{
  "results": [
    {
      "command": "/Users/suso/Downloads/koi/benchmarks/results/bin/fib_go",
      "mean": 0.016336637813333336,
      "stddev": 0.002002979427928443,
      "median": 0.01545525168,
      "user": 0.013049933333333335,
      "system": 0.0026516066666666662,
      "min": 0.01416012668,
      "max": 0.01995321068,
      "times": [
        0.01545525168,
        0.01469912668,
        0.01416012668,
        0.014282834680000002,
        0.01464466868,
        0.015124126680000002,
        0.01625412668,
        0.016848376680000002,
        0.01995321068,
        0.01935575168,
        0.01936887668,
        0.018503126680000002,
        0.016185251680000002,
        0.01499833468,
        0.015216376680000001
      ],
      "memory_usage_byte": [
        7159808,
        7159808,
        7159808,
        7159808,
        7159808,
        7159808,
        7159808,
        7159808,
        7159808,
        7159808,
        7159808,
        7159808,
        7159808,
        7159808,
        7159808
      ],
      "exit_codes": [
        0,
        0,
        0,
        0,
        0,
        0,
        0,
        0,
        0,
        0,
        0,
        0,
        0,
        0,
        0
      ]
    }
  ]
}
