{
  "results": [
    {
      "command": "/home/yiyi/Escritorio/Yeimi/UTEC/Ciclo5/Compiladores/proyecto2/Koi/benchmarks/results/bin/fib_rust",
      "mean": 0.009272376366666666,
      "stddev": 0.00042099745114777565,
      "median": 0.009354881300000001,
      "user": 0.008636086666666666,
      "system": 0.0006884866666666667,
      "min": 0.0083825333,
      "max": 0.0100414423,
      "times": [
        0.0094841023,
        0.0095494763,
        0.0095712473,
        0.009354881300000001,
        0.009663127300000001,
        0.009572744300000002,
        0.0100414423,
        0.0094088893,
        0.009220310300000001,
        0.008779471300000001,
        0.009030101300000001,
        0.009097185300000001,
        0.0083825333,
        0.008747304300000001,
        0.0091828293
      ],
      "memory_usage_byte": [
        3305472,
        3305472,
        3305472,
        3305472,
        3305472,
        3305472,
        3305472,
        3305472,
        3305472,
        3305472,
        3305472,
        3305472,
        3305472,
        3305472,
        3305472
      ],
      "exit_codes": [
        0,
        0,
        0,
        0,
        0,
        0,
        0,
        0,
        0,
        0,
        0,
        0,
        0,
        0,
        0
      ]
    }
  ]
}
