{
  "results": [
    {
      "command": "/home/yiyi/Escritorio/Yeimi/UTEC/Ciclo5/Compiladores/proyecto2/Koi/benchmarks/results/bin/fib_koi",
      "mean": 0.032531544499999995,
      "stddev": 0.00241870720664411,
      "median": 0.03217516150000001,
      "user": 0.03192648666666666,
      "system": 0.0006237333333333333,
      "min": 0.0292829805,
      "max": 0.0368452115,
      "times": [
        0.0296637285,
        0.0292956425,
        0.0304437185,
        0.031431767500000006,
        0.0292829805,
        0.03613383950000001,
        0.03501707650000001,
        0.03217516150000001,
        0.033940778500000005,
        0.03239928450000001,
        0.0368452115,
        0.033952916500000006,
        0.0310355575,
        0.03420217650000001,
        0.0321533275
      ],
      "memory_usage_byte": [
        3268608,
        3268608,
        3268608,
        3268608,
        3268608,
        3268608,
        3268608,
        3268608,
        3268608,
        3268608,
        3268608,
        3268608,
        3268608,
        3268608,
        3268608
      ],
      "exit_codes": [
        8,
        8,
        8,
        8,
        8,
        8,
        8,
        8,
        8,
        8,
        8,
        8,
        8,
        8,
        8
      ]
    }
  ]
}
