{
  "results": [
    {
      "command": "go build -o \"/Users/suso/Downloads/koi/benchmarks/results/bin/fib_go\" \"/Users/suso/Downloads/koi/benchmarks/go/fib.go\"",
      "mean": 0.06434201935999999,
      "stddev": 0.004782162188880523,
      "median": 0.06210349996,
      "user": 0.05179074666666666,
      "system": 0.08458222,
      "min": 0.05996987496,
      "max": 0.07515545796,
      "times": [
        0.06968512496000001,
        0.06197887496,
        0.06087549996000001,
        0.06273729096000001,
        0.07515545796,
        0.07303783296000001,
        0.06803191696000001,
        0.06210349996,
        0.061870999960000006,
        0.06362654196,
        0.06197170796000001,
        0.06101891696,
        0.05996987496,
        0.06050962496000001,
        0.06255712496
      ],
      "memory_usage_byte": [
        26099712,
        26099712,
        26099712,
        26099712,
        26230784,
        26230784,
        26230784,
        26230784,
        26230784,
        26230784,
        26230784,
        26230784,
        26230784,
        26230784,
        26230784
      ],
      "exit_codes": [
        0,
        0,
        0,
        0,
        0,
        0,
        0,
        0,
        0,
        0,
        0,
        0,
        0,
        0,
        0
      ]
    }
  ]
}
