{
  "results": [
    {
      "command": "\"/Users/suso/Downloads/koi/benchmarks/koi_build.sh\" \"/Users/suso/Downloads/koi/benchmarks/koi/fib.koi\" \"/Users/suso/Downloads/koi/benchmarks/results/bin/fib_koi\"",
      "mean": 0.39208619294666663,
      "stddev": 0.04480480400876538,
      "median": 0.37545081208,
      "user": 0.26737668666666664,
      "system": 0.09800059333333332,
      "min": 0.34990447908,
      "max": 0.49184064508,
      "times": [
        0.40086514608,
        0.37545081208,
        0.47411372908,
        0.42250043708,
        0.37570214508,
        0.35781006308,
        0.35326993708,
        0.34990447908,
        0.35384314608,
        0.40592410408,
        0.36507714508,
        0.36538089608,
        0.42875752108,
        0.49184064508,
        0.36085268808
      ],
      "memory_usage_byte": [
        38797312,
        38797312,
        38797312,
        38797312,
        38846464,
        38846464,
        38846464,
        38846464,
        38846464,
        38846464,
        38846464,
        38846464,
        38846464,
        38846464,
        38846464
      ],
      "exit_codes": [
        0,
        0,
        0,
        0,
        0,
        0,
        0,
        0,
        0,
        0,
        0,
        0,
        0,
        0,
        0
      ]
    }
  ]
}
