{
  "results": [
    {
      "command": "/Users/suso/Downloads/koi/benchmarks/results/bin/fib_rust",
      "mean": 0.013004474646666668,
      "stddev": 0.0004962155660372775,
      "median": 0.01287746078,
      "user": 0.011376973333333333,
      "system": 0.0011492666666666664,
      "min": 0.012427377780000004,
      "max": 0.014038460780000003,
      "times": [
        0.012589293780000002,
        0.012939377780000002,
        0.01263433578,
        0.013417169780000003,
        0.013255918780000002,
        0.014038460780000003,
        0.012427377780000004,
        0.013293669780000001,
        0.012667335780000002,
        0.01287746078,
        0.01269150278,
        0.012826418780000003,
        0.012431626780000002,
        0.013911626780000004,
        0.013065543780000003
      ],
      "memory_usage_byte": [
        7159808,
        7159808,
        7159808,
        7159808,
        7159808,
        7159808,
        7159808,
        7159808,
        7159808,
        7159808,
        7159808,
        7159808,
        7159808,
        7159808,
        7159808
      ],
      "exit_codes": [
        0,
        0,
        0,
        0,
        0,
        0,
        0,
        0,
        0,
        0,
        0,
        0,
        0,
        0,
        0
      ]
    }
  ]
}
