{
  "results": [
    {
      "command": "rustc -O \"/home/yiyi/Escritorio/Yeimi/UTEC/Ciclo5/Compiladores/proyecto2/Koi/benchmarks/rust/fib.rs\" -o \"/home/yiyi/Escritorio/Yeimi/UTEC/Ciclo5/Compiladores/proyecto2/Koi/benchmarks/results/bin/fib_rust\"",
      "mean": 0.12491668594000001,
      "stddev": 0.03013459918024476,
      "median": 0.11604733634,
      "user": 0.07039443999999999,
      "system": 0.065461,
      "min": 0.09673885334,
      "max": 0.21729805334000002,
      "times": [
        0.10293743934,
        0.10520627534,
        0.11604733634,
        0.12350945534,
        0.13179761534,
        0.10903549834,
        0.13963836334000002,
        0.13155567134,
        0.13645794634,
        0.10861296634,
        0.09673885334,
        0.10415729534,
        0.10255309534,
        0.14820442434,
        0.21729805334000002
      ],
      "memory_usage_byte": [
        90726400,
        90742784,
        90759168,
        90759168,
        90759168,
        90759168,
        91955200,
        91955200,
        91955200,
        91955200,
        91955200,
        91955200,
        91955200,
        91955200,
        91955200
      ],
      "exit_codes": [
        0,
        0,
        0,
        0,
        0,
        0,
        0,
        0,
        0,
        0,
        0,
        0,
        0,
        0,
        0
      ]
    }
  ]
}
