{
  "results": [
    {
      "command": "rustc -O \"/Users/suso/Downloads/koi/benchmarks/rust/lambda_map.rs\" -o \"/Users/suso/Downloads/koi/benchmarks/results/bin/lambda_map_rust\"",
      "mean": 0.24081194292000002,
      "stddev": 0.023230027965778284,
      "median": 0.23901651212000002,
      "user": 0.17962532,
      "system": 0.0699901,
      "min": 0.22114438712,
      "max": 0.31538484512000003,
      "times": [
        0.25360705412,
        0.24026942912,
        0.24964880412,
        0.24331451312000002,
        0.23549397112,
        0.23350063712000002,
        0.24688997012000002,
        0.24098630412,
        0.23901651212000002,
        0.31538484512000003,
        0.22288617912,
        0.22353572112,
        0.22311280412,
        0.22338801212,
        0.22114438712
      ],
      "memory_usage_byte": [
        105545728,
        105545728,
        105545728,
        106151936,
        106610688,
        106627072,
        106627072,
        106627072,
        106627072,
        106627072,
        106627072,
        106627072,
        106627072,
        106627072,
        106627072
      ],
      "exit_codes": [
        0,
        0,
        0,
        0,
        0,
        0,
        0,
        0,
        0,
        0,
        0,
        0,
        0,
        0,
        0
      ]
    }
  ]
}
