{
  "results": [
    {
      "command": "go build -o \"/home/yiyi/Escritorio/Yeimi/UTEC/Ciclo5/Compiladores/proyecto2/Koi/benchmarks/results/bin/lambda_map_go\" \"/home/yiyi/Escritorio/Yeimi/UTEC/Ciclo5/Compiladores/proyecto2/Koi/benchmarks/go/lambda_map.go\"",
      "mean": 0.04662966063333333,
      "stddev": 0.0028769053071595095,
      "median": 0.047123307100000004,
      "user": 0.08399885999999998,
      "system": 0.060566853333333316,
      "min": 0.0429803111,
      "max": 0.050788045100000005,
      "times": [
        0.049199135100000006,
        0.045297474100000006,
        0.0441331791,
        0.0481704181,
        0.044457776100000006,
        0.043300875100000004,
        0.047123307100000004,
        0.043903781100000004,
        0.0429803111,
        0.042986775100000006,
        0.050788045100000005,
        0.0500040661,
        0.0498984941,
        0.0476800381,
        0.049521234100000006
      ],
      "memory_usage_byte": [
        53137408,
        53137408,
        53137408,
        53137408,
        53137408,
        53137408,
        53137408,
        53137408,
        53137408,
        53137408,
        53137408,
        53137408,
        53137408,
        53137408,
        53137408
      ],
      "exit_codes": [
        0,
        0,
        0,
        0,
        0,
        0,
        0,
        0,
        0,
        0,
        0,
        0,
        0,
        0,
        0
      ]
    }
  ]
}
