{
  "results": [
    {
      "command": "rustc -O \"/home/yiyi/Escritorio/Yeimi/UTEC/Ciclo5/Compiladores/proyecto2/Koi/benchmarks/rust/lambda_map.rs\" -o \"/home/yiyi/Escritorio/Yeimi/UTEC/Ciclo5/Compiladores/proyecto2/Koi/benchmarks/results/bin/lambda_map_rust\"",
      "mean": 0.12475706669333333,
      "stddev": 0.0022290949967083916,
      "median": 0.12458293836,
      "user": 0.08583521333333333,
      "system": 0.06054641333333332,
      "min": 0.12157899036,
      "max": 0.12884200636,
      "times": [
        0.12884200636,
        0.12528562136000002,
        0.12586029936,
        0.12458293836,
        0.12157899036,
        0.12203375736000001,
        0.12679830336,
        0.12188915636,
        0.12583313136000002,
        0.12348583236,
        0.12441251336,
        0.12667596436,
        0.12307402636,
        0.12316443336,
        0.12783902636
      ],
      "memory_usage_byte": [
        114216960,
        114216960,
        114216960,
        114339840,
        114458624,
        114458624,
        114458624,
        114458624,
        114458624,
        114458624,
        114458624,
        114458624,
        114458624,
        114458624,
        114483200
      ],
      "exit_codes": [
        0,
        0,
        0,
        0,
        0,
        0,
        0,
        0,
        0,
        0,
        0,
        0,
        0,
        0,
        0
      ]
    }
  ]
}
