{
  "results": [
    {
      "command": "/Users/suso/Downloads/koi/benchmarks/results/bin/lambda_map_rust",
      "mean": 0.0075112919666666675,
      "stddev": 0.001858098069205401,
      "median": 0.006801964500000002,
      "user": 0.002553493333333334,
      "system": 0.00315422,
      "min": 0.004233006500000001,
      "max": 0.010354172500000003,
      "times": [
        0.0067831305000000015,
        0.010038589500000002,
        0.0098001725,
        0.004233006500000001,
        0.005955006500000002,
        0.006263339500000001,
        0.010017589500000002,
        0.006801964500000002,
        0.008716505500000003,
        0.005959088500000001,
        0.010354172500000003,
        0.007310338500000001,
        0.007695172500000002,
        0.006524880500000002,
        0.006216422500000002
      ],
      "memory_usage_byte": [
        9601024,
        9601024,
        9601024,
        9601024,
        9601024,
        9601024,
        9601024,
        9601024,
        9601024,
        9601024,
        9601024,
        9601024,
        9601024,
        9601024,
        9601024
      ],
      "exit_codes": [
        0,
        0,
        0,
        0,
        0,
        0,
        0,
        0,
        0,
        0,
        0,
        0,
        0,
        0,
        0
      ]
    }
  ]
}
