{
  "results": [
    {
      "command": "/Users/suso/Downloads/koi/benchmarks/results/bin/lambda_map_go",
      "mean": 0.005985098933333331,
      "stddev": 0.0011637154268962265,
      "median": 0.005716943799999997,
      "user": 0.003802093333333333,
      "system": 0.0023180599999999994,
      "min": 0.004371317799999996,
      "max": 0.008349692799999997,
      "times": [
        0.006733026799999996,
        0.007092401799999997,
        0.007210776799999997,
        0.006590818799999997,
        0.005940984799999997,
        0.008349692799999997,
        0.005716943799999997,
        0.005266068799999997,
        0.004875901799999997,
        0.004758609799999997,
        0.005215776799999997,
        0.005255151799999996,
        0.007332401799999997,
        0.0050666097999999965,
        0.004371317799999996
      ],
      "memory_usage_byte": [
        13107200,
        13107200,
        13123584,
        13123584,
        13123584,
        13123584,
        13123584,
        13123584,
        13123584,
        13123584,
        13123584,
        13123584,
        13123584,
        13123584,
        13123584
      ],
      "exit_codes": [
        0,
        0,
        0,
        0,
        0,
        0,
        0,
        0,
        0,
        0,
        0,
        0,
        0,
        0,
        0
      ]
    }
  ]
}
