{
  "results": [
    {
      "command": "/home/yiyi/Escritorio/Yeimi/UTEC/Ciclo5/Compiladores/proyecto2/Koi/benchmarks/results/bin/lambda_map_rust",
      "mean": 0.006566206426666667,
      "stddev": 0.0003161165685741048,
      "median": 0.006430332160000001,
      "user": 0.0019874693333333335,
      "system": 0.004565426666666666,
      "min": 0.0062468181600000006,
      "max": 0.007319121160000002,
      "times": [
        0.006695461160000001,
        0.006321321160000001,
        0.006566653160000001,
        0.006811483160000001,
        0.006814944160000001,
        0.00706275616,
        0.006360276160000001,
        0.006351153160000001,
        0.007319121160000002,
        0.006343644160000001,
        0.006541917160000001,
        0.006312129160000001,
        0.006430332160000001,
        0.0062468181600000006,
        0.006315086160000001
      ],
      "memory_usage_byte": [
        10014720,
        10014720,
        10014720,
        10014720,
        10014720,
        10014720,
        10014720,
        10014720,
        10014720,
        10014720,
        10018816,
        10018816,
        10018816,
        10018816,
        10018816
      ],
      "exit_codes": [
        0,
        0,
        0,
        0,
        0,
        0,
        0,
        0,
        0,
        0,
        0,
        0,
        0,
        0,
        0
      ]
    }
  ]
}
