{
  "results": [
    {
      "command": "/home/yiyi/Escritorio/Yeimi/UTEC/Ciclo5/Compiladores/proyecto2/Koi/benchmarks/results/bin/lambda_map_koi",
      "mean": 0.019482395013333337,
      "stddev": 0.0012010236296939412,
      "median": 0.019425904280000003,
      "user": 0.015725319999999997,
      "system": 0.003704453333333334,
      "min": 0.018123454280000003,
      "max": 0.021755469280000002,
      "times": [
        0.019746876280000002,
        0.01821207228,
        0.018361227280000003,
        0.01818895828,
        0.018123454280000003,
        0.01817824628,
        0.020421423280000003,
        0.02012218328,
        0.021755469280000002,
        0.019425904280000003,
        0.01885009928,
        0.02154567228,
        0.01950574428,
        0.02043173828,
        0.01936685628
      ],
      "memory_usage_byte": [
        9543680,
        9543680,
        9543680,
        9543680,
        9543680,
        9543680,
        9543680,
        9543680,
        9543680,
        9543680,
        9543680,
        9543680,
        9543680,
        9543680,
        9543680
      ],
      "exit_codes": [
        14,
        14,
        14,
        14,
        14,
        14,
        14,
        14,
        14,
        14,
        14,
        14,
        14,
        14,
        14
      ]
    }
  ]
}
