{
  "results": [
    {
      "command": "go build -o \"/Users/suso/Downloads/koi/benchmarks/results/bin/lambda_map_go\" \"/Users/suso/Downloads/koi/benchmarks/go/lambda_map.go\"",
      "mean": 0.06538654066,
      "stddev": 0.005928963622330175,
      "median": 0.06297134306,
      "user": 0.05215793333333334,
      "system": 0.08650673999999998,
      "min": 0.06013734306,
      "max": 0.07961526006,
      "times": [
        0.06426213506,
        0.06349367706,
        0.06013734306,
        0.062010177060000005,
        0.06256830206,
        0.06152734406,
        0.06297134306,
        0.06532896806,
        0.060769635059999993,
        0.06270313506,
        0.06102796805999999,
        0.06603351006,
        0.07689609306,
        0.07961526006,
        0.07145321906
      ],
      "memory_usage_byte": [
        26624000,
        26624000,
        26624000,
        26624000,
        26624000,
        26624000,
        26624000,
        26624000,
        26624000,
        26624000,
        26624000,
        26624000,
        26624000,
        26656768,
        26656768
      ],
      "exit_codes": [
        0,
        0,
        0,
        0,
        0,
        0,
        0,
        0,
        0,
        0,
        0,
        0,
        0,
        0,
        0
      ]
    }
  ]
}
