{
  "results": [
    {
      "command": "\"/home/yiyi/Escritorio/Yeimi/UTEC/Ciclo5/Compiladores/proyecto2/Koi/benchmarks/koi_build.sh\" \"/home/yiyi/Escritorio/Yeimi/UTEC/Ciclo5/Compiladores/proyecto2/Koi/benchmarks/koi/lambda_map.koi\" \"/home/yiyi/Escritorio/Yeimi/UTEC/Ciclo5/Compiladores/proyecto2/Koi/benchmarks/results/bin/lambda_map_koi\"",
      "mean": 0.03492022651333334,
      "stddev": 0.00356157066552643,
      "median": 0.03431351418,
      "user": 0.020247573333333335,
      "system": 0.014710666666666665,
      "min": 0.031119005180000003,
      "max": 0.04646715018,
      "times": [
        0.03391317018,
        0.04646715018,
        0.03779045018,
        0.03473187618,
        0.03477521318,
        0.03527740818,
        0.03387045518,
        0.03478117018,
        0.03472966718,
        0.03136351518,
        0.031119005180000003,
        0.03386654418,
        0.03388915518,
        0.03291510318,
        0.03431351418
      ],
      "memory_usage_byte": [
        9986048,
        9986048,
        9990144,
        9990144,
        10067968,
        10067968,
        10067968,
        10067968,
        10067968,
        10067968,
        10067968,
        10067968,
        10067968,
        10067968,
        10067968
      ],
      "exit_codes": [
        0,
        0,
        0,
        0,
        0,
        0,
        0,
        0,
        0,
        0,
        0,
        0,
        0,
        0,
        0
      ]
    }
  ]
}
