{
  "results": [
    {
      "command": "/home/yiyi/Escritorio/Yeimi/UTEC/Ciclo5/Compiladores/proyecto2/Koi/benchmarks/results/bin/lambda_map_go",
      "mean": 0.00802179704,
      "stddev": 0.00021966685484296443,
      "median": 0.00802008224,
      "user": 0.00398086,
      "system": 0.005133046666666666,
      "min": 0.00755006624,
      "max": 0.00842517424,
      "times": [
        0.00804309424,
        0.00784530324,
        0.00820838224,
        0.00805409124,
        0.007810947239999999,
        0.007961628240000001,
        0.00755006624,
        0.00800400324,
        0.00802008224,
        0.00793763224,
        0.00813478924,
        0.00811374024,
        0.00842517424,
        0.00785314824,
        0.008364873240000001
      ],
      "memory_usage_byte": [
        9920512,
        9920512,
        9920512,
        9920512,
        9920512,
        9920512,
        9920512,
        9932800,
        9932800,
        9932800,
        9932800,
        9932800,
        9932800,
        9932800,
        9932800
      ],
      "exit_codes": [
        0,
        0,
        0,
        0,
        0,
        0,
        0,
        0,
        0,
        0,
        0,
        0,
        0,
        0,
        0
      ]
    }
  ]
}
