{
  "results": [
    {
      "command": "go build -o \"/Users/suso/Downloads/koi/benchmarks/results/bin/matrix_sum_go\" \"/Users/suso/Downloads/koi/benchmarks/go/matrix_sum.go\"",
      "mean": 0.07027640432,
      "stddev": 0.004894400656187291,
      "median": 0.07093059612000001,
      "user": 0.05213249333333333,
      "system": 0.08585526666666668,
      "min": 0.06179267912,
      "max": 0.07960922112,
      "times": [
        0.06586926312000001,
        0.06734622112000001,
        0.06377459612,
        0.06179267912,
        0.07285176212,
        0.07248780412,
        0.06749042912,
        0.06930559612000001,
        0.06626838812000001,
        0.07622367912,
        0.07960922112,
        0.07296897112,
        0.07509738712,
        0.07212947112,
        0.07093059612000001
      ],
      "memory_usage_byte": [
        27049984,
        27049984,
        27049984,
        27049984,
        27049984,
        27049984,
        27049984,
        27049984,
        27049984,
        27049984,
        27049984,
        27049984,
        27049984,
        27049984,
        27049984
      ],
      "exit_codes": [
        0,
        0,
        0,
        0,
        0,
        0,
        0,
        0,
        0,
        0,
        0,
        0,
        0,
        0,
        0
      ]
    }
  ]
}
