{
  "results": [
    {
      "command": "/Users/suso/Downloads/koi/benchmarks/results/bin/matrix_sum_rust",
      "mean": 0.003197561446666666,
      "stddev": 0.000518017345309411,
      "median": 0.0029459699799999992,
      "user": 0.0017213733333333342,
      "system": 0.0010787799999999999,
      "min": 0.0026227609799999996,
      "max": 0.00420984498,
      "times": [
        0.00420984498,
        0.0031853869799999997,
        0.00287713698,
        0.002860386979999999,
        0.0034337609800000005,
        0.0037703029799999992,
        0.0038557609799999993,
        0.00396576098,
        0.0031089279800000005,
        0.0027933029800000005,
        0.0026785529800000003,
        0.00284459498,
        0.0029459699799999992,
        0.0028109699799999995,
        0.0026227609799999996
      ],
      "memory_usage_byte": [
        7143424,
        7143424,
        7143424,
        7143424,
        7143424,
        7143424,
        7143424,
        7143424,
        7143424,
        7143424,
        7143424,
        7143424,
        7143424,
        7143424,
        7143424
      ],
      "exit_codes": [
        0,
        0,
        0,
        0,
        0,
        0,
        0,
        0,
        0,
        0,
        0,
        0,
        0,
        0,
        0
      ]
    }
  ]
}
