{
  "results": [
    {
      "command": "rustc -O \"/Users/suso/Downloads/koi/benchmarks/rust/matrix_sum.rs\" -o \"/Users/suso/Downloads/koi/benchmarks/results/bin/matrix_sum_rust\"",
      "mean": 0.23851127199999997,
      "stddev": 0.018663960324495826,
      "median": 0.2273553864,
      "user": 0.18580721333333333,
      "system": 0.06428934,
      "min": 0.2236502194,
      "max": 0.2753010944,
      "times": [
        0.2267358444,
        0.2236502194,
        0.2556232614,
        0.2736475114,
        0.2753010944,
        0.2553446364,
        0.2526707604,
        0.2310567604,
        0.2243457604,
        0.2240558854,
        0.2241623024,
        0.2273553864,
        0.2251949274,
        0.2271850524,
        0.2313396774
      ],
      "memory_usage_byte": [
        102400000,
        102645760,
        102645760,
        102645760,
        102645760,
        102662144,
        102842368,
        102842368,
        102842368,
        102842368,
        102842368,
        102842368,
        102842368,
        102842368,
        102842368
      ],
      "exit_codes": [
        0,
        0,
        0,
        0,
        0,
        0,
        0,
        0,
        0,
        0,
        0,
        0,
        0,
        0,
        0
      ]
    }
  ]
}
