{
  "results": [
    {
      "command": "/home/yiyi/Escritorio/Yeimi/UTEC/Ciclo5/Compiladores/proyecto2/Koi/benchmarks/results/bin/matrix_sum_go",
      "mean": 0.003455347726666667,
      "stddev": 0.0003785194234232085,
      "median": 0.00330393666,
      "user": 0.0018292133333333333,
      "system": 0.001979246666666667,
      "min": 0.00312084266,
      "max": 0.004394024660000001,
      "times": [
        0.00328436666,
        0.0034476806600000002,
        0.0031249696600000004,
        0.00312084266,
        0.00336669166,
        0.0041917796600000005,
        0.0035612196600000004,
        0.0032430836600000003,
        0.00330393666,
        0.0032256806600000003,
        0.00371104566,
        0.0034469686600000003,
        0.00321907466,
        0.0031888506600000004,
        0.004394024660000001
      ],
      "memory_usage_byte": [
        3760128,
        3760128,
        3760128,
        3760128,
        3760128,
        3760128,
        3760128,
        3760128,
        3760128,
        3760128,
        3760128,
        3760128,
        3760128,
        3760128,
        3760128
      ],
      "exit_codes": [
        0,
        0,
        0,
        0,
        0,
        0,
        0,
        0,
        0,
        0,
        0,
        0,
        0,
        0,
        0
      ]
    }
  ]
}
