{
  "results": [
    {
      "command": "rustc -O \"/home/yiyi/Escritorio/Yeimi/UTEC/Ciclo5/Compiladores/proyecto2/Koi/benchmarks/rust/matrix_sum.rs\" -o \"/home/yiyi/Escritorio/Yeimi/UTEC/Ciclo5/Compiladores/proyecto2/Koi/benchmarks/results/bin/matrix_sum_rust\"",
      "mean": 0.13679021056666668,
      "stddev": 0.003432336404720524,
      "median": 0.13646626010000001,
      "user": 0.10086028000000001,
      "system": 0.05754568000000001,
      "min": 0.1310573951,
      "max": 0.1418449631,
      "times": [
        0.13738753210000001,
        0.1345909801,
        0.1356770991,
        0.1376551131,
        0.13263619510000002,
        0.1323914391,
        0.1418449631,
        0.1310573951,
        0.1391972881,
        0.1417052771,
        0.13646626010000001,
        0.1411359361,
        0.1358669221,
        0.1396422031,
        0.13459855510000002
      ],
      "memory_usage_byte": [
        109719552,
        109719552,
        110010368,
        110010368,
        110010368,
        110010368,
        110010368,
        110010368,
        110010368,
        110010368,
        110010368,
        110010368,
        110010368,
        110108672,
        110108672
      ],
      "exit_codes": [
        0,
        0,
        0,
        0,
        0,
        0,
        0,
        0,
        0,
        0,
        0,
        0,
        0,
        0,
        0
      ]
    }
  ]
}
