{
  "results": [
    {
      "command": "/home/yiyi/Escritorio/Yeimi/UTEC/Ciclo5/Compiladores/proyecto2/Koi/benchmarks/results/bin/matrix_sum_rust",
      "mean": 0.002516552626666667,
      "stddev": 0.0003160366310670482,
      "median": 0.0024358023600000002,
      "user": 0.001053637333333333,
      "system": 0.0014539333333333335,
      "min": 0.00230252936,
      "max": 0.00361837336,
      "times": [
        0.0025266093600000003,
        0.00361837336,
        0.0026383063600000003,
        0.00240630936,
        0.00230252936,
        0.0023651403600000002,
        0.00245247336,
        0.00240423936,
        0.00234834836,
        0.00238394036,
        0.00241694536,
        0.0025454263600000002,
        0.0024633213600000004,
        0.00244052436,
        0.0024358023600000002
      ],
      "memory_usage_byte": [
        3989504,
        3989504,
        3989504,
        3989504,
        3989504,
        3989504,
        3989504,
        3989504,
        3989504,
        3989504,
        3989504,
        3989504,
        3989504,
        3989504,
        3989504
      ],
      "exit_codes": [
        0,
        0,
        0,
        0,
        0,
        0,
        0,
        0,
        0,
        0,
        0,
        0,
        0,
        0,
        0
      ]
    }
  ]
}
