{
  "results": [
    {
      "command": "go build -o \"/home/yiyi/Escritorio/Yeimi/UTEC/Ciclo5/Compiladores/proyecto2/Koi/benchmarks/results/bin/matrix_sum_go\" \"/home/yiyi/Escritorio/Yeimi/UTEC/Ciclo5/Compiladores/proyecto2/Koi/benchmarks/go/matrix_sum.go\"",
      "mean": 0.04755411455333334,
      "stddev": 0.005279452610930157,
      "median": 0.046446505420000006,
      "user": 0.08658951333333334,
      "system": 0.05832708666666666,
      "min": 0.04215023442,
      "max": 0.06297880341999999,
      "times": [
        0.049179609420000006,
        0.04774622642,
        0.048719175420000004,
        0.046446505420000006,
        0.04494462342,
        0.04215023442,
        0.04526958542000001,
        0.048084996420000005,
        0.04537850142,
        0.042766096420000003,
        0.04328235542,
        0.043064673420000005,
        0.049932117420000005,
        0.053368214420000004,
        0.06297880341999999
      ],
      "memory_usage_byte": [
        53239808,
        53239808,
        53239808,
        53239808,
        53239808,
        53239808,
        53239808,
        53239808,
        53239808,
        53239808,
        53239808,
        53239808,
        53239808,
        53239808,
        53239808
      ],
      "exit_codes": [
        0,
        0,
        0,
        0,
        0,
        0,
        0,
        0,
        0,
        0,
        0,
        0,
        0,
        0,
        0
      ]
    }
  ]
}
