{
  "results": [
    {
      "command": "/home/yiyi/Escritorio/Yeimi/UTEC/Ciclo5/Compiladores/proyecto2/Koi/benchmarks/results/bin/matrix_sum_koi",
      "mean": 0.0036111419399999997,
      "stddev": 0.00016489109419128725,
      "median": 0.0035714441400000003,
      "user": 0.0022418933333333336,
      "system": 0.0013494333333333333,
      "min": 0.0033240161400000003,
      "max": 0.00391254414,
      "times": [
        0.0035714441400000003,
        0.00362738314,
        0.00391254414,
        0.0035610971400000004,
        0.00353278714,
        0.0038705041399999997,
        0.0036658601400000003,
        0.0035473591400000002,
        0.0036881421400000005,
        0.0038265181400000004,
        0.00364747914,
        0.0035039591400000004,
        0.0034719661400000002,
        0.0033240161400000003,
        0.00341606914
      ],
      "memory_usage_byte": [
        3645440,
        3645440,
        3645440,
        3645440,
        3645440,
        3645440,
        3645440,
        3645440,
        3645440,
        3645440,
        3645440,
        3645440,
        3645440,
        3645440,
        3645440
      ],
      "exit_codes": [
        12,
        12,
        12,
        12,
        12,
        12,
        12,
        12,
        12,
        12,
        12,
        12,
        12,
        12,
        12
      ]
    }
  ]
}
