{
  "results": [
    {
      "command": "\"/home/yiyi/Escritorio/Yeimi/UTEC/Ciclo5/Compiladores/proyecto2/Koi/benchmarks/koi_build.sh\" \"/home/yiyi/Escritorio/Yeimi/UTEC/Ciclo5/Compiladores/proyecto2/Koi/benchmarks/koi/matrix_sum.koi\" \"/home/yiyi/Escritorio/Yeimi/UTEC/Ciclo5/Compiladores/proyecto2/Koi/benchmarks/results/bin/matrix_sum_koi\"",
      "mean": 0.030889540340000007,
      "stddev": 0.0013929554551796286,
      "median": 0.03107069494,
      "user": 0.01770318666666666,
      "system": 0.013460293333333335,
      "min": 0.027773643940000002,
      "max": 0.03363804294,
      "times": [
        0.03107069494,
        0.03107221294,
        0.03066255194,
        0.02823970794,
        0.027773643940000002,
        0.030664074940000004,
        0.03120890794,
        0.03074181094,
        0.03193496994,
        0.03102392394,
        0.03066153694,
        0.031376744940000006,
        0.03363804294,
        0.03182334994,
        0.03145093094
      ],
      "memory_usage_byte": [
        9936896,
        9936896,
        9986048,
        9986048,
        9986048,
        9994240,
        10002432,
        10002432,
        10002432,
        10002432,
        10002432,
        10002432,
        10002432,
        10002432,
        10002432
      ],
      "exit_codes": [
        0,
        0,
        0,
        0,
        0,
        0,
        0,
        0,
        0,
        0,
        0,
        0,
        0,
        0,
        0
      ]
    }
  ]
}
