{
  "results": [
    {
      "command": "/Users/suso/Downloads/koi/benchmarks/results/bin/matrix_sum_go",
      "mean": 0.005474917486666666,
      "stddev": 0.0023751511997089927,
      "median": 0.004819884219999999,
      "user": 0.0023315666666666656,
      "system": 0.001932166666666666,
      "min": 0.003277551219999999,
      "max": 0.011518467220000002,
      "times": [
        0.011518467220000002,
        0.00497546722,
        0.004418926219999999,
        0.004200426219999999,
        0.00590896722,
        0.00630655122,
        0.00387525922,
        0.004819884219999999,
        0.00743534222,
        0.004994175219999999,
        0.0034623842199999998,
        0.009507634220000002,
        0.00399534222,
        0.003277551219999999,
        0.0034273842199999995
      ],
      "memory_usage_byte": [
        7143424,
        7143424,
        7143424,
        7143424,
        7143424,
        7143424,
        7143424,
        7143424,
        7143424,
        7143424,
        7143424,
        7143424,
        7143424,
        7143424,
        7143424
      ],
      "exit_codes": [
        0,
        0,
        0,
        0,
        0,
        0,
        0,
        0,
        0,
        0,
        0,
        0,
        0,
        0,
        0
      ]
    }
  ]
}
