{
  "results": [
    {
      "command": "go build -o \"/home/yiyi/Escritorio/Yeimi/UTEC/Ciclo5/Compiladores/proyecto2/Koi/benchmarks/results/bin/quicksort_go\" \"/home/yiyi/Escritorio/Yeimi/UTEC/Ciclo5/Compiladores/proyecto2/Koi/benchmarks/go/quicksort.go\"",
      "mean": 0.04528033077333334,
      "stddev": 0.0019131465431279087,
      "median": 0.045044071240000004,
      "user": 0.08017238666666666,
      "system": 0.06010482000000001,
      "min": 0.04216878224000001,
      "max": 0.049390006240000006,
      "times": [
        0.049390006240000006,
        0.04443834824000001,
        0.04216878224000001,
        0.04646345324000001,
        0.04388171124,
        0.043723432240000006,
        0.044378137240000004,
        0.045247113240000005,
        0.047819767240000005,
        0.04510441424000001,
        0.045044071240000004,
        0.04322533824000001,
        0.04440774024000001,
        0.046617947240000006,
        0.04729469924000001
      ],
      "memory_usage_byte": [
        53325824,
        53325824,
        53325824,
        53325824,
        53325824,
        53325824,
        53325824,
        53325824,
        53325824,
        53325824,
        53325824,
        53325824,
        53325824,
        53325824,
        53325824
      ],
      "exit_codes": [
        0,
        0,
        0,
        0,
        0,
        0,
        0,
        0,
        0,
        0,
        0,
        0,
        0,
        0,
        0
      ]
    }
  ]
}
