{
  "results": [
    {
      "command": "rustc -O \"/Users/suso/Downloads/koi/benchmarks/rust/quicksort.rs\" -o \"/Users/suso/Downloads/koi/benchmarks/results/bin/quicksort_rust\"",
      "mean": 0.22061253794666671,
      "stddev": 0.009586909686689635,
      "median": 0.21802564848,
      "user": 0.17586637333333333,
      "system": 0.062349033333333324,
      "min": 0.21284902348,
      "max": 0.25250452348,
      "times": [
        0.25250452348,
        0.22236681548,
        0.21592714948000002,
        0.21965056548,
        0.21853373248000002,
        0.21284902348,
        0.21774998248000002,
        0.22842039948,
        0.21802564848,
        0.21782994048,
        0.21773810748000003,
        0.21347310748,
        0.21915135748,
        0.22017994148,
        0.21478777448000003
      ],
      "memory_usage_byte": [
        102891520,
        102891520,
        102891520,
        102891520,
        102891520,
        102891520,
        102891520,
        102891520,
        102891520,
        102940672,
        102940672,
        102940672,
        103645184,
        103645184,
        103645184
      ],
      "exit_codes": [
        0,
        0,
        0,
        0,
        0,
        0,
        0,
        0,
        0,
        0,
        0,
        0,
        0,
        0,
        0
      ]
    }
  ]
}
