{
  "results": [
    {
      "command": "rustc -O \"/home/yiyi/Escritorio/Yeimi/UTEC/Ciclo5/Compiladores/proyecto2/Koi/benchmarks/rust/quicksort.rs\" -o \"/home/yiyi/Escritorio/Yeimi/UTEC/Ciclo5/Compiladores/proyecto2/Koi/benchmarks/results/bin/quicksort_rust\"",
      "mean": 0.12321232934000001,
      "stddev": 0.004961674252687983,
      "median": 0.12210363434000002,
      "user": 0.08679044666666666,
      "system": 0.05787696,
      "min": 0.11654163534000002,
      "max": 0.13739753734000001,
      "times": [
        0.12515336034000002,
        0.11974236934000002,
        0.12184169734000001,
        0.11654163534000002,
        0.12210363434000002,
        0.12065729934000001,
        0.12330370334000001,
        0.12749141134,
        0.13739753734000001,
        0.12467096534000002,
        0.11960137034000001,
        0.11800026134000001,
        0.12365973934000002,
        0.12162580234,
        0.12639415334
      ],
      "memory_usage_byte": [
        111423488,
        111423488,
        111423488,
        111448064,
        111448064,
        111448064,
        111448064,
        111448064,
        111448064,
        111448064,
        111448064,
        111448064,
        111448064,
        111448064,
        111521792
      ],
      "exit_codes": [
        0,
        0,
        0,
        0,
        0,
        0,
        0,
        0,
        0,
        0,
        0,
        0,
        0,
        0,
        0
      ]
    }
  ]
}
