{
  "results": [
    {
      "command": "/Users/suso/Downloads/koi/benchmarks/results/bin/quicksort_rust",
      "mean": 0.010921998740000001,
      "stddev": 0.00043013412183988756,
      "median": 0.01092586314,
      "user": 0.009124626666666667,
      "system": 0.0013485599999999995,
      "min": 0.010299113140000002,
      "max": 0.012010654140000002,
      "times": [
        0.010642779140000001,
        0.01102065414,
        0.010326696140000003,
        0.01140332114,
        0.01119561214,
        0.01106411314,
        0.010731195140000002,
        0.01077440414,
        0.01081269514,
        0.01102623814,
        0.012010654140000002,
        0.01092586314,
        0.01105969614,
        0.010536946140000001,
        0.010299113140000002
      ],
      "memory_usage_byte": [
        7143424,
        7143424,
        7143424,
        7143424,
        7143424,
        7143424,
        7143424,
        7143424,
        7143424,
        7143424,
        7143424,
        7143424,
        7143424,
        7143424,
        7143424
      ],
      "exit_codes": [
        0,
        0,
        0,
        0,
        0,
        0,
        0,
        0,
        0,
        0,
        0,
        0,
        0,
        0,
        0
      ]
    }
  ]
}
