{
  "results": [
    {
      "command": "go build -o \"/Users/suso/Downloads/koi/benchmarks/results/bin/quicksort_go\" \"/Users/suso/Downloads/koi/benchmarks/go/quicksort.go\"",
      "mean": 0.06774714142,
      "stddev": 0.006318136123182299,
      "median": 0.06536654362,
      "user": 0.05301123333333333,
      "system": 0.08985335333333332,
      "min": 0.06074325262000001,
      "max": 0.08178550262,
      "times": [
        0.06087112762000001,
        0.06295933562,
        0.06141821062,
        0.06516133562,
        0.06074325262000001,
        0.07479941962,
        0.07307933562,
        0.08178550262,
        0.06981158562,
        0.06193608662,
        0.07075808662000001,
        0.06329646062,
        0.07024304462,
        0.07397779362,
        0.06536654362
      ],
      "memory_usage_byte": [
        26558464,
        26558464,
        26558464,
        26558464,
        26558464,
        26558464,
        26558464,
        26558464,
        26558464,
        26558464,
        26558464,
        26558464,
        26558464,
        26558464,
        26558464
      ],
      "exit_codes": [
        0,
        0,
        0,
        0,
        0,
        0,
        0,
        0,
        0,
        0,
        0,
        0,
        0,
        0,
        0
      ]
    }
  ]
}
