{
  "results": [
    {
      "command": "/Users/suso/Downloads/koi/benchmarks/results/bin/quicksort_go",
      "mean": 0.015139561513333335,
      "stddev": 0.002711809053142535,
      "median": 0.015357798180000002,
      "user": 0.009958839999999998,
      "system": 0.0029142933333333332,
      "min": 0.011578464180000003,
      "max": 0.020054589180000006,
      "times": [
        0.011779589180000003,
        0.014375922180000002,
        0.011578464180000003,
        0.011796881180000001,
        0.011891089180000003,
        0.015273173180000004,
        0.01664383918,
        0.012872006180000001,
        0.016278589180000004,
        0.01688971418,
        0.017106172180000004,
        0.020054589180000006,
        0.01913617318,
        0.015357798180000002,
        0.016059422180000005
      ],
      "memory_usage_byte": [
        7143424,
        7143424,
        7143424,
        7143424,
        7143424,
        7143424,
        7143424,
        7143424,
        7143424,
        7143424,
        7143424,
        7143424,
        7143424,
        7143424,
        7143424
      ],
      "exit_codes": [
        0,
        0,
        0,
        0,
        0,
        0,
        0,
        0,
        0,
        0,
        0,
        0,
        0,
        0,
        0
      ]
    }
  ]
}
