{
  "results": [
    {
      "command": "/home/yiyi/Escritorio/Yeimi/UTEC/Ciclo5/Compiladores/proyecto2/Koi/benchmarks/results/bin/quicksort_go",
      "mean": 0.009051862446666666,
      "stddev": 0.000630837087164175,
      "median": 0.008955308180000001,
      "user": 0.008382653333333333,
      "system": 0.0010872186666666668,
      "min": 0.008219505180000001,
      "max": 0.010138169180000002,
      "times": [
        0.01010564218,
        0.010065311180000001,
        0.010138169180000002,
        0.008955308180000001,
        0.008877222180000002,
        0.009391843180000001,
        0.009214939180000001,
        0.00899036918,
        0.00880626018,
        0.008482519180000002,
        0.00905232918,
        0.008219505180000001,
        0.00861052118,
        0.008561307180000002,
        0.008306690180000001
      ],
      "memory_usage_byte": [
        3264512,
        3264512,
        3264512,
        3264512,
        3264512,
        3264512,
        3264512,
        3264512,
        3264512,
        3264512,
        3264512,
        3264512,
        3264512,
        3264512,
        3264512
      ],
      "exit_codes": [
        0,
        0,
        0,
        0,
        0,
        0,
        0,
        0,
        0,
        0,
        0,
        0,
        0,
        0,
        0
      ]
    }
  ]
}
