{
  "results": [
    {
      "command": "/home/yiyi/Escritorio/Yeimi/UTEC/Ciclo5/Compiladores/proyecto2/Koi/benchmarks/results/bin/quicksort_rust",
      "mean": 0.007685594186666666,
      "stddev": 0.0006850789836049841,
      "median": 0.007428505520000001,
      "user": 0.006730493333333333,
      "system": 0.00095756,
      "min": 0.00710397752,
      "max": 0.008966958520000002,
      "times": [
        0.0075128205200000004,
        0.00710397752,
        0.007428505520000001,
        0.007329531520000001,
        0.00743036852,
        0.007187465520000001,
        0.007196864520000001,
        0.007110807520000001,
        0.00711375252,
        0.007309157520000001,
        0.00792062952,
        0.00892785452,
        0.008966958520000002,
        0.00885949652,
        0.00788572252
      ],
      "memory_usage_byte": [
        3239936,
        3239936,
        3239936,
        3239936,
        3239936,
        3239936,
        3239936,
        3239936,
        3239936,
        3239936,
        3239936,
        3239936,
        3239936,
        3239936,
        3239936
      ],
      "exit_codes": [
        0,
        0,
        0,
        0,
        0,
        0,
        0,
        0,
        0,
        0,
        0,
        0,
        0,
        0,
        0
      ]
    }
  ]
}
