{
  "results": [
    {
      "command": "\"/home/yiyi/Escritorio/Yeimi/UTEC/Ciclo5/Compiladores/proyecto2/Koi/benchmarks/koi_build.sh\" \"/home/yiyi/Escritorio/Yeimi/UTEC/Ciclo5/Compiladores/proyecto2/Koi/benchmarks/koi/quicksort.koi\" \"/home/yiyi/Escritorio/Yeimi/UTEC/Ciclo5/Compiladores/proyecto2/Koi/benchmarks/results/bin/quicksort_koi\"",
      "mean": 0.03441489557999999,
      "stddev": 0.0019505423607153038,
      "median": 0.034830667180000004,
      "user": 0.020246700000000003,
      "system": 0.014185,
      "min": 0.03154319818,
      "max": 0.03710312818,
      "times": [
        0.03577644818,
        0.03352069918,
        0.03172769018,
        0.03236130318,
        0.03154319818,
        0.03226575518,
        0.03248867118,
        0.03549719418,
        0.03710312818,
        0.03689866118,
        0.03687072618,
        0.03462638718,
        0.034830667180000004,
        0.03529208518,
        0.03542081918
      ],
      "memory_usage_byte": [
        9920512,
        9973760,
        9990144,
        9990144,
        9990144,
        9990144,
        9990144,
        9990144,
        9990144,
        9990144,
        9990144,
        9990144,
        9990144,
        9990144,
        9990144
      ],
      "exit_codes": [
        0,
        0,
        0,
        0,
        0,
        0,
        0,
        0,
        0,
        0,
        0,
        0,
        0,
        0,
        0
      ]
    }
  ]
}
