{
  "results": [
    {
      "command": "/home/yiyi/Escritorio/Yeimi/UTEC/Ciclo5/Compiladores/proyecto2/Koi/benchmarks/results/bin/quicksort_koi",
      "mean": 0.02312893815333334,
      "stddev": 0.0008704983560295193,
      "median": 0.022628384820000003,
      "user": 0.022442479999999997,
      "system": 0.0006280599999999998,
      "min": 0.02244223282,
      "max": 0.025111251820000003,
      "times": [
        0.02258235382,
        0.02244223282,
        0.022483564820000003,
        0.022444458820000002,
        0.02245086182,
        0.022632552820000002,
        0.02442389882,
        0.02344145782,
        0.02249204382,
        0.023909123820000003,
        0.022628384820000003,
        0.024057608820000003,
        0.025111251820000003,
        0.023320893820000004,
        0.022513383820000003
      ],
      "memory_usage_byte": [
        3170304,
        3170304,
        3170304,
        3170304,
        3170304,
        3170304,
        3170304,
        3170304,
        3170304,
        3170304,
        3170304,
        3170304,
        3170304,
        3170304,
        3170304
      ],
      "exit_codes": [
        20,
        20,
        20,
        20,
        20,
        20,
        20,
        20,
        20,
        20,
        20,
        20,
        20,
        20,
        20
      ]
    }
  ]
}
